Name,FitNum,N,DF,K,ChiSq,RedChiSq,Rsq,AdjRsq,AIC,BIC,RSS,TSS,SDR
N3,1,200,192,8,191.7046678531872,0.99846181173535,0.9752194374694159,0.974181508148763,8.281653299369772,33.914265530183386,191.70466785318726,7736.090236716183,0.9992306098871022
